'absolutely',
'acceptable',
'additional',
'afterwards',
'aggressive',
'apparently',
'appearance',
'appreciate',
'artificial',
'assessment',
'assignment',
'associated',
'atmosphere',
'attraction',
'attractive',
'background',
'basketball',
'collection',
'commercial',
'commission',
'commitment',
'comparison',
'competitor',
'completely',
'conclusion',
'conference',
'confidence',
'connection',
'consistent',
'constantly',
'continuous',
'contribute',
'convenient',
'decoration',
'definitely',
'definition',
'deliberate',
'department',
'depressing',
'determined',
'dictionary',
'difference',
'difficulty',
'discipline',
'discussion',
'distribute',
'downstairs',
'earthquake',
'electrical',
'electronic',
'employment',
'enthusiasm',
'especially',
'eventually',
'everything',
'everywhere',
'excitement',
'exhibition',
'expedition',
'experience',
'experiment',
'expression',
'frequently',
'friendship',
'frightened',
'generation',
'girlfriend',
'government',
'helicopter',
'historical',
'illustrate',
'importance',
'impossible',
'impression',
'impressive',
'incredible',
'incredibly',
'individual',
'industrial',
'ingredient',
'initiative',
'instructor',
'instrument',
'interested',
'investment',
'invitation',
'journalist',
'laboratory',
'leadership',
'literature',
'management',
'motorcycle',
'mysterious',
'obligation',
'opposition',
'originally',
'parliament',
'particular',
'percentage',
'permission',
'personally',
'phenomenon',
'philosophy',
'photograph',
'politician',
'popularity',
'population',
'possession',
'prediction',
'previously',
'production',
'profession',
'protection',
'psychology',
'punishment',
'reasonable',
'regulation',
'relatively',
'reputation',
'researcher',
'restaurant',
'revolution',
'scientific',
'similarity',
'smartphone',
'specialist',
'successful',
'suggestion',
'surprising',
'technology',
'television',
'themselves',
'throughout',
'transition',
'ultimately',
'understand',
'unemployed',
'unexpected',
'university',
'unpleasant',
